Family,Genus ,Species,Common Name,Mean Mass (g),Max published length (cm),Calculated mass (g),,% BM,Alternate species used,a value,b value,Link,,,Aspect ratio of the caudal fin,congener,a,b,Calculated mass
Pleuronectidae,Platichthys,flesus,European flounder,494,60,1700,,29.06,,,,,,,round,,,,
Pleuronectidae,Pleuronectes,platessa,European plaice,572,100,11100,,5.15,,,,,,,round,,,,
Paralichthyidae,Paralichthys,dentatus,summer flounder,569,94,7700,,7.39,,,,,,,round,,,,
Paralichthyidae,Paralichthys,dentatus,summer flounder,569,94,7700,,7.39,,,,,,,round,,,,
Gadidae,Gadus,morhua,Atlantic cod,124,200,74300,,0.17,,,,,,,round,,,,
Gadidae,Gadus,morhua,Atlantic cod,158,200,74300,,0.21,,,,,,,round,,,,
Gadidae,Gadus,morhua,Atlantic cod,167,200,74300,,0.22,,,,,,,round,,,,
Latidae,Lates,calcarifer,Australian barramundi,194,200,102900,,0.19,,,,,,,round,,,,
Latidae,Lates,calcarifer,Australian barramundi,194,200,102900,,0.19,,,,,,,round,,,,
Latidae,Lates,calcarifer,Australian barramundi,194,200,102900,,0.19,,,,,,,round,,,,
Latidae,Lates,calcarifer,Australian barramundi,194,200,102900,,0.19,,,,,,,round,,,,
Latidae,Lates,calcarifer,Australian barramundi,194,200,102900,,0.19,,,,,,,round,,,,
Latidae,Lates,calcarifer,Australian barramundi,194,200,102900,,0.19,,,,,,,round,,,,
Latidae,Lates,calcarifer,Australian barramundi,194,200,102900,,0.19,,,,,,,round,,,,
Latidae,Lates,calcarifer,Australian barramundi,194,200,102900,,0.19,,,,,,,round,,,,
Latidae,Lates,calcarifer,Australian barramundi,194,200,102900,,0.19,,,,,,,round,,,,
Latidae,Lates,calcarifer,Australian barramundi,194,200,102900,,0.19,,,,,,,round,,,,
Gobiidae,Gobius,cobitis,Giant goby,124.5,14.1,43.47,35.43810582,286.40,,0.01023,3.08,https://www.fishbase.se/popdyn/FishLWSummary.php?ID=4579&id2=6462&genusname=Gobius&speciesname=cobitis&fc=405&variable_Length=10&gm_a=0.011227721649931&gm_b=3.0786729158511,,,round,,,,
Scyliorhinidae,Scyliorhinus,canicula,Small-spotted catshark,805,100,3600,,22.36,,,,,,,round,,,,
Scyliorhinidae,Scyliorhinus,canicula,Small-spotted catshark,805,100,3600,,22.36,,,,,,,round,,,,
Scyliorhinidae,Scyliorhinus,canicula,Small-spotted catshark,805,100,3600,,22.36,,,,,,,round,,,,
Batrachoididae,Porichthys,notatus,Plainfin midshipman,171,38,520.82,,32.83,,,,,,,round,,,,
Acipenseridae,Acipenser,transmontanus,White sturgeon,0.2,610,1500000,,0.00,,,,,,,cresent,,,,
Acipenseridae,Acipenser,transmontanus,White sturgeon,1.9,610,1500000,,0.00,,,,,,,cresent,,,,
Acipenseridae,Acipenser,transmontanus,White sturgeon,63.1,610,1500000,,0.00,,,,,,,cresent,,,,
Cottidae,Cottus,asper,Prickly sculpin,11.4,30,796.32,,1.43,Cottus dzungaricus,,,,,,round,Cottus gobio,0.0066,3.304,501.1324909
Cottidae,Cottus,asper,Prickly sculpin,12.6,30,796.32,,1.58,Cottus dzungaricus,,,,,,round,,,,
Cottidae,Cottus,asper,Prickly sculpin,11.2,30,796.32,,1.41,Cottus dzungaricus,,,,,,round,,,,
Cottidae,Leptocottus,armatus,Pacific staghorn sculpin,30,46,2000,,1.50,,,,,,,round,,,,
Cottidae,Leptocottus,armatus,Pacific staghorn sculpin,42,46,2000,,2.10,,,,,,,round,,,,
Cottidae,Leptocottus,armatus,Pacific staghorn sculpin,32.5,46,2000,,1.63,,,,,,,round,,,,
Anguillidae,Anguilla,anguilla,European eel ,496,122,3700,,13.41,,,,,,,round,,,,
Clariidae,Clarias,batrachus,Walking catfish,110,47,915.85,,12.01,,,,,,,round,,,,
Acipenseridae,Acipenser,naccarii,Adriatic sturgeon,568,200,51800,,1.10,Acipenser fulvescens ,,,,,,cresent,Accipenser sturio,0.0041,3.04,40542.92178
Acipenseridae,Acipenser,naccarii,Adriatic sturgeon,565,200,51800,,1.09,Acipenser fulvescens ,,,,,,cresent,,,,
Soleidae,Solea,solea,Dover sole,0.00096,70,3500,,0.0000,,,,,,,round,,,,
Soleidae,Solea,solea,Dover sole,0.00571,70,3500,,0.00,,,,,,,round,,,,
Soleidae,Solea,solea,Dover sole,0.00096,70,3500,,0.00,,,,,,,round,,,,
Soleidae,Solea,solea,Dover sole,0.00096,70,3500,,0.00,,,,,,,round,,,,
Soleidae,Solea,solea,Dover sole,0.00096,70,3500,,0.00,,,,,,,round,,,,
Soleidae,Solea,solea,Dover sole,0.00096,70,3500,,0.00,,,,,,,round,,,,
Soleidae,Solea,solea,Dover sole,0.00571,70,3500,,0.00,,,,,,,round,,,,
Soleidae,Solea,solea,Dover sole,0.00571,70,3500,,0.00,,,,,,,round,,,,
Soleidae,Solea,solea,Dover sole,0.00571,70,3500,,0.00,,,,,,,round,,,,
Soleidae,Solea,solea,Dover sole,0.00571,70,3500,,0.00,,,,,,,round,,,,
Acipenseridae,Acipenser,baerii,Siberian sturgeon,1800,200,46700,210000,3.85,,0.0015,3.256,"Kottelat, M. and J. Freyhof, 2007. Handbook of European freshwater fishes. Publications Kottelat, Cornol and Freyhof, Berlin. 646 pp.",,,cresent,,,,
Stichaeidae,Lumpeninae,Lumpenus,Snakeblenny,9.5,50,1600,155.0636574,0.59,Chirolophis japonicus,0.00129,2.99,https://www.fishbase.de/summary/Lumpenus-lampretaeformis.html,,,round,Lumpenus lampretaeformis,0.0063,2.448,90.8697054
Loricariidae,Hypostomus,plecostomus,Suckermouth catfish,40.5,50,1900,1510.404861,2.13,Hypostomus albopunctatus ,0.01413,2.96,,,,cresent,Hypostomus affinis,0.0112,2.88,875.4908977
Loricariidae,Hypostomus,plecostomus,Suckermouth catfish,22,50,1900,1510.404861,1.16,Hypostomus albopunctatus ,0.01413,2.96,,,,cresent,,,,
Loricariidae,Hypostomus,plecostomus,Suckermouth catfish,55.5,50,1900,1510.404861,2.92,Hypostomus albopunctatus ,0.01413,2.96,,,,cresent,,,,
Cichlidae,Pseudocrenilabrus,multicolor,Egyptian mouthbrooder ,2.78,8,7.03,7.114517228,39.54,Pseudocrenilabrus philander ,0.01479,2.97,,,,round,Amatitlania nigrofasciata,0.02205,3,11.2896
Cichlidae,Pseudocrenilabrus,multicolor,Egyptian mouthbrooder ,2.78,8,7.03,7.114517228,39.54,Pseudocrenilabrus philander ,0.01479,2.97,,,,round,,,,
Cichlidae,Pseudocrenilabrus,multicolor,Egyptian mouthbrooder ,2.78,8,7.03,7.114517228,39.54,Pseudocrenilabrus philander ,0.01479,2.97,,,,round,,,,
Cichlidae,Pseudocrenilabrus,multicolor,Egyptian mouthbrooder ,2.78,8,7.03,7.114517228,39.54,Pseudocrenilabrus philander ,0.01479,2.97,,,,round,,,,
Fundulidae,Fundulus,heteroclitus,Common killifish,3.1,15,59.33,,5.23,,,,,,,round,,,,
Hemiscylliidae,Hemiscyllium,ocellatum,Epaulette shark,1290,107,14600,,8.84,Chiloscyllium indicum ,,,,,,cresent,Chiloscyllium plagiosum,0.0072,3,8820.3096
Rhinobatidae,Aptychotrema,rostrata,Shovelnose ray,1540,100,3400,,45.29,,,,,,,NA,,,,
Cichlidae,Astronotus,ocellatus,Oscar,230,45.7,4200,,5.48,Astronotus crassipinnis ,,,,,,round,Astronotus ocellatus,0.027,3,2576.987811
Cichlidae,Astronotus,ocellatus,Oscar,16.2,45.7,4200,,0.39,Astronotus crassipinnis ,,,,,,round,,,,
Cichlidae,Astronotus,ocellatus,Oscar,230,45.7,4200,,5.48,Astronotus crassipinnis ,,,,,,round,,,,
Cichlidae,Astronotus,ocellatus,Oscar,16.2,45.7,4200,,0.39,Astronotus crassipinnis ,,,,,,round,,,,
Gadidae,Gadus,ogac,Greenland cod,183,119,23000,,0.80,Boreogadus saida ,,,,,,round,Gadus macrocephalus,0.0063,3.15,21742.70021
Gobiesocidae,Gobiesox,strumosus,Skilletfish,61.5,8,7.06,3.95172718,871.10,,0.00589,3.13,https://www.fishbase.se/popdyn/LWRelationshipList.php?ID=3079&GenusName=Gobiesox&SpeciesName=strumosus&fc=434,,,round,,,,
Gobiesocidae,Gobiesox,strumosus,Skilletfish,61.5,8,7.06,7.063031939,871.10,,0.0128,3.036,https://www.fishbase.se/popdyn/LWRelationshipList.php?ID=3079&GenusName=Gobiesox&SpeciesName=strumosus&fc=434,,,round,,,,
Gobiesocidae,Gobiesox,strumosus,Skilletfish,61.5,8,7.06,7.063031939,871.10,,0.0128,3.036,https://www.fishbase.se/popdyn/LWRelationshipList.php?ID=3079&GenusName=Gobiesox&SpeciesName=strumosus&fc=434,,,round,,,,
Percidae,Etheostoma,rufilineatum,Redline darter,4.3,8.4,5.64,,76.24,Etheostoma zonale ,,,,,,round,Etheostoma juliae,0.0138,3.16,11.49745267
Percidae,Etheostoma,flabellare,Fantail darter,1.1,8.4,1.33,,82.71,,,,,,,round,,,,
Percidae,Etheostoma,flabellare,Fantail darter,1.4,8.4,1.33,,105.26,,,,,,,round,,,,
Percidae,Etheostoma,duryi,Black darter,2,7.2,3.74,,53.48,Etheostoma zonale ,,,,,,round,,,,
Percidae,Etheostoma,duryi,Black darter,1.7,7.2,3.74,,45.45,Etheostoma zonale ,,,,,,round,,,,
Percidae,Etheostoma,squamiceps,Spottail darter,1.4,8.8,5.64,,24.82,Etheostoma zonale ,,,,,,cresent,,,,
Percidae,Etheostoma,squamiceps,Spottail darter,1.7,8.8,5.64,,30.14,Etheostoma zonale ,,,,,,cresent,,,,
Percidae,Etheostoma,boschungi,Slackwater darter,1.1,8.8,5.64,,19.50,Etheostoma zonale ,,,,,,cresent,,,,
Percidae,Etheostoma,boschungi,Slackwater darter,1.2,8.8,5.64,,21.28,Etheostoma zonale ,,,,,,cresent,,,,
Percidae,Etheostoma,fusiforme,Swamp darter,0.24,5.9,1.33,,18.05,Etheostoma zonale ,,,,,,round,,,,
Percidae,Etheostoma,fusiforme,Swamp darter,0.6,5.9,1.33,,45.11,Etheostoma zonale ,,,,,,round,,,,
Batrachoididae,Opsanus,tau,Toadfish,361,43.2,1000,,36.10,,,,,,,round,,,,
Galaxiidae,Galaxias,maculatus,Inanga,2.3,19,64.88,,3.55,,,,,,,cresent,,,,
Nototheniidae,Trematomus,centronotus ,-,183.3,24,185.15,,99.00,Trematomus eulepidotus ,,,,,,round,Trematomus pennellii,0.005,3.29,173.7260677
Nototheniidae,Pagothenia,borchgrevinki , bald notothen,108.3,28,321.65,,33.67,Trematomus eulepidotus ,,,,,,round,Gobionotothen acuta,0.00445,3.35,313.5735451
Salmonidae,Salmo,salar,Atlantic salmon,150.7,150,14300,,1.05,,,,,,,cresent,,,,
Salmonidae,Salmo,salar,Atlantic salmon,150.7,150,14300,,1.05,,,,,,,cresent,,,,
Salmonidae,Salmo,salar,Atlantic salmon,150.7,150,14300,,1.05,,,,,,,cresent,,,,
Clariidae,Clarias,gariepinus,African catfish,520,170,42400,,1.23,,,,,,,round,,,,
Sparidae,Dentex,dentex,Common dentex,251.2,100,29600,,0.85,,,,,,,cresent,,,,
Sparidae,Dentex,dentex,Common dentex,656.4,100,29600,,2.22,,,,,,,cresent,,,,
Sparidae,Dentex,dentex,Common dentex,255.1,100,29600,,0.86,,,,,,,cresent,,,,
Sparidae,Dentex,dentex,Common dentex,350.8,100,29600,,1.19,,,,,,,cresent,,,,
Sparidae,Dentex,dentex,Common dentex,601.7,100,29600,,2.03,,,,,,,cresent,,,,
Sparidae,Dentex,dentex,Common dentex,117.4,100,29600,,0.40,,,,,,,cresent,,,,
Sparidae,Dentex,dentex,Common dentex,745.1,100,29600,,2.52,,,,,,,cresent,,,,
Sparidae,Dentex,dentex,Common dentex,117.1,100,29600,,0.40,,,,,,,cresent,,,,
Fundulidae,Fundulus,heteroclitus,Mummichog,1.75,15,59.33,,2.95,,,,,,,round,,,,
Fundulidae,Fundulus,heteroclitus,Mummichog,1.75,15,59.33,,2.95,,,,,,,round,,,,
Sciaenidae,Leiostomus,xanthurus,Spot croaker,1.55,36,556.19,,0.28,,,,,,,cresent,,,,
Sciaenidae,Leiostomus,xanthurus,Spot croaker,1.55,36,556.19,,0.28,,,,,,,cresent,,,,
Embiotocidae,Embiotoca,lateralis,Striped surfperch,113,38,2100,,5.38,Embiotoca jacksoni ,,,,,,cresent,Amphistichus rhodoterus,0.012,3.11,982.4449656
Sparidae,Pagrus,auratus,Australasian snapper,225,130,20500,,1.10,,,,,,,cresent,,,,
Sparidae,Pagrus,auratus,Australasian snapper,225,130,20500,,1.10,,,,,,,cresent,,,,
Labridae,Tautogolabrus,adspersus,Cunner,98,38,596.82,,16.42,,,,,,,round,,,,
Labridae,Tautogolabrus,adspersus,Cunner,135.6,38,596.82,,22.72,,,,,,,round,,,,
Gadidae,Gadus,ogac,Greenland cod,50.9,119,23000,,0.22,Boreogadus saida ,,,,,,round,,,,
Gadidae,Gadus,ogac,Greenland cod,74.3,119,23000,,0.32,Boreogadus saida ,,,,,,round,,,,
Anguillidae,Anguilla,anguilla,European eel,116,122,3700,,3.14,,,,,,,round,,,,
Anguillidae,Anguilla,anguilla,European eel,107,122,3700,,2.89,,,,,,,round,,,,
Anguillidae,Anguilla,anguilla,European eel,122,122,3700,,3.30,,,,,,,round,,,,
Cyprinidae,Spinibarbus,sinensis,Qingbo,11.85,47.1,3200,,0.37,,,,,,,cresent,,,,
Cyprinidae,Spinibarbus,sinensis,Qingbo,11.99,47.1,3200,,0.37,,,,,,,cresent,,,,
Cyprinidae,Spinibarbus,sinensis,Qingbo,13.6,47.1,3200,,0.43,,,,,,,cresent,,,,
Cyprinidae,Cyprinus,carpio,Common carp,25,120,20600,,0.12,,,,,,,cresent,,,,
Cyprinidae,Cyprinus,carpio,Common carp,25,120,20600,,0.12,,,,,,,cresent,,,,
Cyprinidae,Cyprinus,carpio,Common carp,25,120,20600,,0.12,,,,,,,cresent,,,,
Cichlidae,Astronotus,ocellatus,Oscar,980,45.7,4200,,23.33,Astronotus crassipinnis ,,,,,,round,,,,
Cichlidae,Astronotus,ocellatus,Oscar,980,45.7,4200,,23.33,Astronotus crassipinnis ,,,,,,round,,,,
Cyprinidae,Carassius,auratus,Goldfish,4.88,48,2000,,0.24,,,,,,,cresent,,,,
Cyprinidae,Carassius,auratus,Goldfish,5.1,48,2000,,0.26,,,,,,,cresent,,,,
Cyprinidae,Carassius,auratus,Goldfish,4.83,48,2000,,0.24,,,,,,,cresent,,,,
Cyprinidae,Schizothorax,prenanti,Mountain carp,8.72,33.5,591.39,,1.47,,,,,,,cresent,,,,
Cyprinidae,Onychostoma,simum,Sharp-jaw barbell,3.92,36.5,1300,,0.30,,,,,,,cresent,,,,
Cyprinidae,Spinibarbus,sinensis,Qingbo,6.61,47.1,,,#DIV/0!,,,,,,,cresent,,,,
Cyprinidae,Zacco,platypus,"Chinese hook
snout carp",6.79,20,114.9,,5.91,,,,,,,cresent,,,,
Cyprinidae,Hypophthalmichthys,molitrix,Silver carp,7.3,120,32500,,0.02,,,,,,,cresent,,,,
Cyprinidae,Parabramis,pekinensis,Chinese bream,9.05,55,1900,,0.48,,,,,,,cresent,,,,
Cyprinidae,Ctenopharyngodon,idellus,Grass carp,9.22,150,37600,,0.02,,,,,,,cresent,,,,
Cyprinidae,Ctenopharyngodon,piceus,Black carp,6.27,,,,,,,,,,,,,,,
Cyprinidae,Carassius,auratus,Gold fish,6.45,48,2000,,0.32,,,,,,,cresent,,,,
Cyprinidae,Carassius ,carassius,Crucian carp,8.6,64,5600,,0.15,,,,,,,cresent,,,,
Cyprinidae,Cyprinus ,carpio,Common carp,7.06,120,20600,,0.03,,,,,,,cresent,,,,
Cyprinidae,Aristichthys ,nobilis,Bighead carp,11.27,146,28800,,0.04,Cyprinus carpio ,,,,,,cresent,Hypophthalmichthys nobilis,0.028,2.86,43371.77528
Carangidae,Trachurus,capensis,Cape horse mackerel,0.008,60,1800,,0.00,,,,,,,cresent,,,,
Carangidae,Trachurus,capensis,Cape horse mackerel,20.8,60,1800,,1.16,,,,,,,cresent,,,,
Cyprinodontidae,Cyprinodon,variegatus,Sheepshead minnow,3.17,9,36.65,,8.65,,,,,,,round,,,,
Cyprinodontidae,Cyprinodon,variegatus,Sheepshead minnow,3.8,9,36.65,,10.37,,,,,,,round,,,,
Cyprinodontidae,Cyprinodon,variegatus,Sheepshead minnow,2.95,9,36.65,,8.05,,,,,,,round,,,,
Cyprinodontidae,Cyprinodon,variegatus,Sheepshead minnow,3.57,9,36.65,,9.74,,,,,,,round,,,,
Cyprinodontidae,Cyprinodon,variegatus,Sheepshead minnow,2.19,9,36.65,,5.98,,,,,,,round,,,,
Cyprinodontidae,Cyprinodon,variegatus,Sheepshead minnow,3.69,9,36.65,,10.07,,,,,,,round,,,,
Cyprinodontidae,Cyprinodon,variegatus,Sheepshead minnow,3.42,9,36.65,,9.33,,,,,,,round,,,,
Cyprinodontidae,Cyprinodon,variegatus,Sheepshead minnow,2.7,9,36.65,,7.37,,,,,,,round,,,,
Cyprinodontidae,Cyprinodon,variegatus,Sheepshead minnow,2.98,9,36.65,,8.13,,,,,,,round,,,,
Cyprinodontidae,Cyprinodon,variegatus,Sheepshead minnow,3.52,9,36.65,,9.60,,,,,,,round,,,,
Cyprinodontidae,Cyprinodon,variegatus,Sheepshead minnow,3.21,9,36.65,,8.76,,,,,,,round,,,,
Tripterygiidae,Bellapiscis,medius,Twister fish,2.37,7.5,2.62,,90.46,Bellapiscis lesleyae ,,,,,,round,nneanectes carminalis,0.00883,3.197,5.540278068
Tripterygiidae,Bellapiscis,medius,Twister fish,2.84,7.5,2.62,,108.40,Bellapiscis lesleyae ,,,,,,round,,,,
Tripterygiidae,Bellapiscis,medius,Twister fish,2.2,7.5,2.62,,83.97,Bellapiscis lesleyae ,,,,,,round,,,,
Tripterygiidae,Bellapiscis,lesleyae,Mottled twister,0.54,6,1.62,,33.33,,,,,,,round,,,,
Tripterygiidae,Bellapiscis,lesleyae,Mottled twister,0.59,6,1.62,,36.42,,,,,,,round,,,,
Tripterygiidae,Bellapiscis,lesleyae,Mottled twister,0.65,6,1.62,,40.12,,,,,,,round,,,,
Moronidae,Morone,saxatilis,Striped bass,1300,200,46200,,2.81,,,,,,,cresent,,,,
Moronidae,Morone,saxatilis,Striped bass,1300,200,46200,,2.81,,,,,,,cresent,,,,
Moronidae,Morone,saxatilis,Striped bass,1300,200,46200,,2.81,,,,,,,cresent,,,,
Moronidae,Morone,saxatilis,Striped bass,1300,200,46200,,2.81,,,,,,,cresent,,,,
Moronidae,Morone,saxatilis,Striped bass,1400,200,46200,,3.03,,,,,,,cresent,,,,
Moronidae,Morone,saxatilis,Striped bass,1400,200,46200,,3.03,,,,,,,cresent,,,,
Batrachoididae,Porichthys,notatus,Plainfin midshipman,155.72,38,520.82,,29.90,,,,,,,round,,,,
Batrachoididae,Porichthys,notatus,Plainfin midshipman,155.72,38,520.82,,29.90,,,,,,,round,,,,
Cichlidae,Oreochromis,niloticus,Nile tilapia,84,60,4200,,2.00,,,,,,,round,,,,
Cichlidae,Oreochromis,niloticus,Nile tilapia,84,60,4200,,2.00,,,,,,,round,,,,
Cichlidae,Oreochromis,niloticus,Nile tilapia,84,60,4200,,2.00,,,,,,,round,,,,
Cichlidae,Oreochromis,niloticus,Nile tilapia,84,60,4200,,2.00,,,,,,,round,,,,
Cichlidae,Oreochromis,niloticus,Nile tilapia,84,60,4200,,2.00,,,,,,,round,,,,
Cichlidae,Oreochromis,niloticus,Nile tilapia,84,60,4200,,2.00,,,,,,,round,,,,
Characidae,Brycon,amazonicus,Matrinx?,154.54,46.2,2300,,6.72,,,,,,,cresent,,,,
Characidae,Brycon,amazonicus,Matrinx?,154.54,46.2,2300,,6.72,,,,,,,cresent,,,,
Erythrinidae,Hoplias,malabaricus,Tra¡ra,246.32,65,6700,,3.68,,,,,,,cresent,,,,
Erythrinidae,Hoplias,malabaricus,Tra¡ra,246.32,65,6700,,3.68,,,,,,,cresent,,,,
Gobiidae,Gobiodon,histrio,Broad-barred goby,1.23,3.5,0.2,,612.50,Gobiodon rivulatus ,,,,,,round,,,,
Gobiidae,Gobiodon,erythrophyllus,-,1.06,5.4,1.41,,74.82,,,,,,,round,,,,
Apogonidae,Apogon,compressus,-,7,12,28.02,,24.98,Apogon imberbis ,,,,,,round,Ostorhinchus aureus,0.017,2.95,25.94380057
Apogonidae,Apogon,cyanosoma,-,2.2,8,7.95,,27.67,Apogon imberbis ,,,,,,cresent,,,,
Apogonidae,Apogon,doederleini,-,4.4,14,45.25,,9.72,Apogon imberbis ,,,,,,round,,,,
Apogonidae,Pristiapogon ,exostigma,-,3.7,12,33.52,,11.04,,,,,,,cresent,,,,
Apogonidae,Apogon,fragilis,-,1.9,5.5,1.84,2.903787788,103.26,Apogon imberbis ,0.01549,3.07,https://www.fishbase.se/summary/Zoramia-fragilis.html,,,cresent,,,,
Apogonidae,Apogon,leptacanthus,-,1.5,6,3.25,,46.15,Apogon imberbis ,,,,,,cresent,,,,
Apogonidae,Archamia,fucata,-,5.8,10,15.9,,36.48,Apogon imberbis ,,,,,,cresent,,,,
Apogonidae,Cheilodipterus,quinquelineatus,-,1.8,13,35.24,,5.11,,,,,,,cresent,,,,
Apogonidae,Sphaeramia,nematoptera,-,7.3,8.5,23.27,,31.37,Sphaeramia orbicularis ,,,,,,cresent,Apogonichthyoides nigripinnis,0.02,3.001,12.30881351
Pomacentridae,Acanthochromis,polyacanthus,-,15,14,132.56,,11.32,,,,,,,cresent,,,,
Pomacentridae,Acanthochromis,polyacanthus,-,0.13,14,132.56,,0.10,,,,,,,cresent,,,,
Pomacentridae,Chromis,atripectoralis,-,8.4,12,63.74,,13.18,,,,,,,cresent,,,,
Pomacentridae,Chromis,viridis,-,2.5,10,14.87,,16.81,,,,,,,cresent,,,,
Pomacentridae,Chrysiptera,flavipinnis,-,2.4,8,10.39,,23.10,Chrysiptera taupou ,,,,,,cresent,Chrysiptera biocellata,0.02388,3,12.22656
Pomacentridae,Dascyllus,aruanus,Whitetail dascyllus,4.1,10,30.9,,13.27,,,,,,,cresent,,,,
Pomacentridae,Neoglyphidodon,melas,-,32.1,18,175.97,,18.24,Neoglyphidodon nigroris ,,,,,,cresent,Neoglyphidodon polyacanthus,0.0229,3.1,178.3118674
Pomacentridae,Neoglyphidodon,nigroris,-,14.9,13,62.47,,23.85,,,,,,,cresent,,,,
Pomacentridae,Neopomacentrus,azysron,-,3.2,7.5,7.88,,40.61,,,,,,,cresent,,,,
Pomacentridae,Pomacentrus,amboinensis,-,12.6,9,21.75,,57.93,,,,,,,cresent,,,,
Pomacentridae,Pomacentrus,bankanensis,-,7.8,9,21.75,,35.86,Pomacentrus amboinensis ,,,,,,cresent,Pomacentrus adelus,0.01761,3.292,24.38516492
Pomacentridae,Pomacentrus,coelestis,-,7.8,9,11.96,,65.22,,,,,,,cresent,,,,
Pomacentridae,Pomacentrus,lepidogenys,-,3.1,9,24.87,,12.46,,,,,,,cresent,,,,
Pomacentridae,Pomacentrus,moluccensis,-,5.2,9,23.54,,22.09,,,,,,,cresent,,,,
Pomacentridae,Pomacentrus,philippinus,-,4.55,10,26.42,,17.22,,,,,,,cresent,,,,
Gobiidae,Amblygobius,phalaena,-,2.4,15,39.53,,6.07,,,,,,,round,,,,
Gobiidae,Amblygobius,rainfordi,-,1.25,8.5,6.66,,18.77,Amblygobius phalaena ,,,,,,round,Amblygobius bynoensis,0.0098,3.01,6.148611345
Gobiidae,Amblygobius,rainfordi,-,0.23,8.5,6.66,,3.45,Amblygobius phalaena ,,,,,,round,,,,
Gobiidae,Asterropteryx,semipunctatus,-,1.4,6.5,3.5,,40.00,,,,,,,round,,,,
Gobiidae,Gobiodon,axillaris,-,0.94,,,,,,,,,,,round,,,,
Gobiidae,Gobiodon,erythrospilus,-,0.56,5.4,0.67,3.194832672,83.58,Gobiodon rivulatus ,0.01995,3.01,https://www.fishbase.se/popdyn/LWRelationshipList.php?ID=9952&GenusName=Gobiodon&SpeciesName=rivulatus&fc=405,,,round,,,,
Gobiidae,Gobiodon,histrio,-,0.53,3.5,0.27,0.866139238,196.30,Gobiodon rivulatus ,0.01995,3.01,https://www.fishbase.se/popdyn/LWRelationshipList.php?ID=9952&GenusName=Gobiodon&SpeciesName=rivulatus&fc=405,,,round,,,,
Gobiidae,Gobiodon,unicolor,-,1.7,2.8,0.17,0.442474833,1000.00,Gobiodon rivulatus ,0.01995,3.01,https://www.fishbase.se/popdyn/LWRelationshipList.php?ID=9952&GenusName=Gobiodon&SpeciesName=rivulatus&fc=405,,,round,,,,
Gobiidae,Gobiodon,acicularis,-,0.84,3.9,0.34,1.199630136,247.06,Gobiodon rivulatus ,0.01995,3.01,https://www.fishbase.se/popdyn/LWRelationshipList.php?ID=9952&GenusName=Gobiodon&SpeciesName=rivulatus&fc=405,,,round,,,,
Gobiidae,Gobiodon,ceramensis,-,0.9,3.5,0.27,0.866139238,333.33,Gobiodon rivulatus ,0.01995,3.01,https://www.fishbase.se/popdyn/LWRelationshipList.php?ID=9952&GenusName=Gobiodon&SpeciesName=rivulatus&fc=405,,,round,,,,
Gobiidae,Gobiodon,okinawae,-,0.72,3.5,0.27,0.866139238,266.67,Gobiodon rivulatus ,0.01995,3.01,https://www.fishbase.se/popdyn/LWRelationshipList.php?ID=9952&GenusName=Gobiodon&SpeciesName=rivulatus&fc=405,,,round,,,,
Gobiidae,Paragobiodon,xanthosomus,-,0.69,4,0.36,1.294623464,191.67,Gobiodon rivulatus ,0.01995,3.01,https://www.fishbase.se/popdyn/LWRelationshipList.php?ID=9952&GenusName=Gobiodon&SpeciesName=rivulatus&fc=405,,,round,,,,
Gobiidae,Valenciennea,strigata,-,28.2,18,46.62,,60.49,Valenciennea longipinnis ,,,,,,round,Valenciennea sexguttata,0.01741,3,101.53512
Blenniidae,Atrosalarias,fuscus,-,7.3,14.5,42.89,,17.02,,,,,,,round,,,,
Blenniidae,Atrosalarias,fuscus,-,0.29,14.5,42.89,,0.68,,,,,,,round,,,,
Pinguipedidae,Parapercis,cylindrica,-,3.06,23,150.74,,2.03,,,,,,,round,,,,
Monacanthidae,Paramonacanthus,japonicus,-,1.7,12,28.76,,5.91,,,,,,,round,,,,
Nemipteridae,Scolopsis,bilineatus,-,1.9,25,378.07,,0.50,,,,,,,cresent,,,,
Labridae,Halichoeres,melanurus,-,1.8,12,53.47,,3.37,,,,,,,round,,,,
Labridae,Labroides,dimidiatus,-,0.56,14,29.53,,1.90,,,,,,,round,,,,
Acanthuridae,Acanthurus,grammoptilus,-,7.45,35,702.18,,1.06,Acanthurus bahianus ,,,,,,cresent,Acanthurus chirurgus,0.0209,2.93,698.6596405
Scorpaenidae,Caracanthus,unipinna,-,1.8,5,0.76,2.534210074,236.84,Caracanthus maculatus ,0.01995,3.01,https://www.fishbase.se/popdyn/LWRelationshipList.php?ID=3526&GenusName=Apogon&SpeciesName=maculatus&fc=304,,,round,,,,
Scorpaenidae,Parascorpaena,mossambica,-,3.19,12,40.54,,7.87,Parascorpaena aurita ,,,,,,round,Parascorpaena picta,0.01044,3.355,43.58665884
Scorpaenidae,Sebastapistes,cyanostigma,-,14.4,10,23.87,,60.33,Parascorpaena aurita ,,,,,,round,,,,
Pomacentridae,Acanthochromis,polyacanthus,-,7.71,14,132.56,,5.81,,,,,,,cresent,,,,
Pomacentridae,Chromis,atripectoralis,-,5.52,12,60.44,,9.13,,,,,,,cresent,,,,
Pomacentridae,Chromis,viridis,-,2.65,10,14.87,,17.82,,,,,,,cresent,,,,
Pomacentridae,Chrysiptera,flavipinnis,-,2.4,8,10.39,,23.10,,,,,,,cresent,,,,
Pomacentridae,Dascyllus,aruanus,Whitetail dascyllus,4.3,10,30.9,,13.92,,,,,,,cresent,,,,
Pomacentridae,Dascyllus,reticulatus,,1.4,9,30.36,,4.61,,,,,,,cresent,,,,
Pomacentridae,Neoglyphidodon,melas,-,21.65,18,145.4,,14.89,Dascyllus aruanus ,,,,,,round,Neoglyphidodon polyacanthus,0.0229,3.1,178.3118674
Pomacentridae,Neoglyphidodon,nigroris,-,6.60,13,62.47,,10.56,,,,,,,cresent,,,,
Pomacentridae,Neopomacentrus,azysron,-,3.2,7.5,7.93,,40.35,,,,,,,cresent,,,,
Pomacentridae,Pomacentrus,amboinensis,-,7.59,9,21.75,,34.90,,,,,,,cresent,,,,
Pomacentridae,Pomacentrus,bankanensis,-,7.8,9,21.75,,35.86,Pomacentrus amboinensis ,,,,,,cresent,Pomacentrus caeruleus,0.0245,2.784,11.11161616
Pomacentridae,Pomacentrus,coelestis,-,6.9,9,11.96,,57.69,,,,,,,cresent,,,,
Pomacentridae,Pomacentrus,lepidogenys,-,3,9,24.64,,12.18,,,,,,,cresent,,,,
Pomacentridae,Pomacentrus,moluccensis,-,6.9,9,23.54,,29.31,,,,,,,cresent,,,,
Pomacentridae,Pomacentrus,philippinus,-,4.55,10,26.42,,17.22,,,,,,,cresent,,,,
Pomacentridae,Chromis,atripectoralis,-,0.0187,12,63.74,,0.03,,,,,,,cresent,,,,
Pomacentridae,Chromis,atripectoralis,-,0.0234,12,63.74,,0.04,,,,,,,cresent,,,,
Pomacentridae,Chromis,atripectoralis,-,0.0715,12,63.74,,0.11,,,,,,,cresent,,,,
Pomacentridae,Pomacentrus,amboinensis,-,0.0327,9,21.75,,0.15,,,,,,,cresent,,,,
Pomacentridae,Pomacentrus,amboinensis,-,0.059,9,21.75,,0.27,,,,,,,cresent,,,,
Pomacentridae,Pomacentrus,amboinensis,-,0.102,9,21.75,,0.47,,,,,,,cresent,,,,
Pomacentridae,Acanthochromis,polyacanthus,-,0.0148,14,132.56,,0.01,,,,,,,cresent,,,,
Pomacentridae,Acanthochromis,polyacanthus,-,0.0448,14,132.56,,0.03,,,,,,,cresent,,,,
Pomacentridae,Acanthochromis,polyacanthus,-,0.134,14,132.56,,0.10,,,,,,,cresent,,,,
Apogonidae,Zoramia,fragilis,-,1.65,5.5,1.84,,89.67,Apogon imberbis ,,,,,,cresent,,,,
Apogonidae,Zoramia,fragilis,-,1.81,5.5,1.84,,98.37,Apogon imberbis ,,,,,,cresent,,,,
Apogonidae,Zoramia,fragilis,-,1.88,5.5,1.84,,102.17,Apogon imberbis ,,,,,,cresent,,,,
Apogonidae,Zoramia,leptacantha,-,1.63,6,3.25,,50.15,Apogon imberbis ,,,,,,cresent,,,,
Apogonidae,Zoramia,leptacantha,-,1.7,6,3.25,,52.31,Apogon imberbis ,,,,,,cresent,,,,
Apogonidae,Zoramia,leptacantha,-,1.17,6,3.25,,36.00,Apogon imberbis ,,,,,,cresent,,,,
Amiidae,Amia,calva,Bowfin,1420,109,24200,,5.87,,,,,,,round,,,,
Erythrinidae,Hoplias,malabaricus,Wolf fish,312,65,6700,,4.66,,,,,,,round,,,,
Erythrinidae,Hoplias,lacerdae,-,375,75,10500,,3.57,Hoplias malabaricus ,,,,,,round,Hoplias aimara,0.0056,3.19,5365.787349
Apteronotidae,Apteronotus,leptorhynchus,brown ghost knifefish,6.7,26.9,64.03,,10.46,Apteronotus albifrons ,,,,,,round,,,,
Sternopygidae,Eigenmannia,virescens,Glass Knifefish,34.74,44,108.61,,31.99,,,,,,,round,,,,
Salmonidae,Oncorhynchus,tshawytscha,Chinook salmon,17.3,150,45000,,0.04,,,,,,,cresent,,,,
Salmonidae,Oncorhynchus,tshawytscha,Chinook salmon,17.3,150,45000,,0.04,,,,,,,cresent,,,,
Salmonidae,Oncorhynchus,tshawytscha,Chinook salmon,17.3,150,45000,,0.04,,,,,,,cresent,,,,
Salmonidae,Oncorhynchus,tshawytscha,Chinook salmon,17.3,150,45000,,0.04,,,,,,,cresent,,,,
Salmonidae,Salmo,salar,Atlantic salmon,513,150,14300,,3.59,,,,,,,cresent,,,,
Salmonidae,Salmo,salar,Atlantic salmon,513,150,14300,,3.59,,,,,,,cresent,,,,
Salmonidae,Salmo,salar,Atlantic salmon,153,150,14300,,1.07,,,,,,,cresent,,,,
Salmonidae,Salmo,salar,Atlantic salmon,608,150,14300,,4.25,,,,,,,cresent,,,,
Salmonidae,Salmo,salar,Atlantic salmon,578,150,14300,,4.04,,,,,,,cresent,,,,
Salmonidae,Salmo,salar,Atlantic salmon,576,150,14300,,4.03,,,,,,,cresent,,,,
Salmonidae,Salmo,salar,Atlantic salmon,569,150,14300,,3.98,,,,,,,cresent,,,,
Cottidae,Oligocottus ,maculosus,-,4.5,8.9,11.62,,38.73,Clinocottus analis ,,,,,,round,Oligocottus snyderi,0.0116,3.404,19.77796354
Cottidae,Clinocottus,globiceps,-,1.6,19,251.59,,0.64,Clinocottus analis ,,,,,,round,,,,
Cottidae,Oligocottus,snyderi,-,2.5,8.9,13.76,,18.17,,,,,,,round,,,,
Cottidae,Enophrys,bison,-,10.9,37,2500,,0.44,Oligocottus snyderi ,,,,,,round,,,,
Cottidae,Artedius,fenestralis,-,16.9,14,92.44,,18.28,Oligocottus snyderi ,,,,,,round,,,,
Cottidae,Artedius,lateralis,-,15.22,14,92.44,,16.46,Oligocottus snyderi ,,,,,,round,,,,
Cottidae,Leptocottus,armatus,-,48.2,46,2000,,2.41,,,,,,,round,,,,
Cottidae,Scorpaenichthys,marmoratus,-,20.8,99,23800,,0.09,,,,,,,round,,,,
Cottidae,Blepsias,cirrhosus,-,2.6,20,76.51,,3.40,,,,,,,round,,,,
Cottidae,Myoxocephalus,scorpius,Shorthorn sculpin,9.7,60,3800,,0.26,,,,,,,round,,,,
Cottidae,Cottus,asper,-,19.3,30,796.32,,2.42,Cottus dzungaricus ,,,,,,round,,,,
Cottidae,Artedius,harringtoni,-,4.1,10,23.1,,17.75,Clinocottus analis ,,,,,,round,,,,
Sparidae,Pagrus,auratus,Australasian snapper,,130,20500,,0.00,,,,,,,cresent,,,,
Sparidae*,Pagrus,auratus,Australasian snapper*,,130,20500,,0.00,,,,,,,cresent,,,,
Cichlidae, Pseudocrenilabrus,multicolor victoriae,-,5.18,8,7.03,,73.68,Pseudocrenilabrus philander ,,,,,,round,,,,
Cichlidae,Prognathochromis,venator,-,4.64,17.8,69,,6.72,Pseudocrenilabrus philander ,,,,,,round,,,,
Cichlidae,Astatotilapia ,velifer,-,6.83,10.8,13.82,,49.42,Pseudocrenilabrus philander ,,,,,,round,Haplochromis nigripinnis,0.012,3,15.116544
Hemiscylliidae,Hemiscyllium,ocellatum,Epaulette shark,636,107,14600,,4.36,Chiloscyllium indicum ,,,,,,cresent,,,,
Hemiscylliidae,Hemiscyllium,ocellatum,Epaulette shark,636,107,14600,,4.36,Chiloscyllium indicum ,,,,,,cresent,,,,
Serrasalmidae,Colossoma,macropomum,Tambaqui,274.8,107,31700,,0.87,,,,,,,cresent,,,,
Erythrinidae,Hoplias,malabaricus,Wolf Fish,415,65,6700,,6.19,,,,,,,round,,,,
Cyprinidae,Carassius,carassius,Crucian carp,52.5,64,5600,,0.94,,,,,,,cresent,,,,
Cyprinidae,Carassius,carassius,Crucian carp,52.5,64,5600,,0.94,,,,,,,cresent,,,,
Latidae,Lates,niloticus,Nile perch,15.95,200,124100,,0.01,,,,,,,round,,,,
Callichthyidae,Hoplosternum,littorale,-,97.5,26.3,546.55,,17.84,,,,,,,cresent,,,,
Callichthyidae,Hoplosternum,littorale,-,97.5,26.3,546.55,,17.84,,,,,,,cresent,,,,
Cyprinidae,Carassius,auratus,Goldfish,77.33,48,2000,,3.87,,,,,,,cresent,,,,
Cyprinidae,Carassius,carassius,Crucian carp,22,64,5600,,0.39,,,,,,,cresent,,,,
Cyprinidae,Carassius,carassius,Crucian carp,22,64,5600,,0.39,,,,,,,cresent,,,,
Cyprinidae,Carassius,carassius,Crucian carp,22,64,5600,,0.39,,,,,,,cresent,,,,
Cyprinidae,Carassius,carassius,Crucian carp,22,64,5600,,0.39,,,,,,,cresent,,,,
Gobiidae,Gobiodon,histrio,Broad-barred goby,1.43,3.5,0.2,,715.00,Gobiodon rivulatus ,,,,,,round,,,,
Gobiidae,Gobiodon,histrio,Broad-barred goby,1.43,3.5,0.2,,715.00,Gobiodon rivulatus ,,,,,,round,,,,
Gobiidae,Gobiodon,histrio,Broad-barred goby,1.43,3.5,0.2,,715.00,Gobiodon rivulatus ,,,,,,round,,,,
Gobiidae,Gobiodon,histrio,Broad-barred goby,1.43,3.5,0.2,,715.00,Gobiodon rivulatus ,,,,,,round,,,,
Gobiidae,Gobiodon,erythrospilus,-,1.32,5.4,0.57,,231.58,Gobiodon rivulatus ,,,,,,round,,,,
Gobiidae,Gobiodon,erythrospilus,-,1.32,5.4,0.57,,231.58,Gobiodon rivulatus ,,,,,,round,,,,
Gobiidae,Gobiodon,erythrospilus,-,1.32,5.4,0.57,,231.58,Gobiodon rivulatus ,,,,,,round,,,,
Gobiidae,Gobiodon,erythrospilus,-,1.32,5.4,0.57,,231.58,Gobiodon rivulatus ,,,,,,round,,,,
Salmonidae,Oncorhynchus,mykiss,Rainbow trout,138.5,122,17900,,0.77,,,,,,,cresent,,,,
Loricariidae,Rhinelepis,strigosa,-,774.5,40,973.64,,79.55,Rhinelepis aspera ,,,,,,round,,,,
Cichlidae,Oreochromis,niloticus,Nile tilapia,150.6,60,4200,,3.59,,,,,,,round,,,,
Cichlidae,Oreochromis,niloticus,Nile tilapia,21.62,60,4200,,0.51,,,,,,,round,,,,
Percidae,Perca,fluviatilis,European perch,117,60,3300,,3.55,,,,,,,cresent,,,,
Percidae,Perca,fluviatilis,European perch,117,60,3300,,3.55,,,,,,,cresent,,,,
Poeciliidae,Poecilia,latipinna,Sailfin molly,2.78,15,65.11,,4.27,,,,,,,round,,,,
Poeciliidae,Poecilia,latipinna,Sailfin molly,2.62,15,65.11,,4.02,,,,,,,round,,,,
Poeciliidae,Poecilia,latipinna,Sailfin molly,2.7,15,65.11,,4.15,,,,,,,round,,,,
Poeciliidae,Poecilia,latipinna,Sailfin molly,2.7,15,65.11,,4.15,,,,,,,round,,,,
Poeciliidae,Poecilia,latipinna,Sailfin molly,2.7,15,65.11,,4.15,,,,,,,round,,,,
Poeciliidae,Poecilia,latipinna,Sailfin molly,2.7,15,65.11,,4.15,,,,,,,round,,,,
Cyprinidae,Carassius,auratus grandoculis,Round crucian carp,2.57,48,2000,,0.13,Carassius auratus ,,,,,,cresent,,,,
Centrarchidae,Micropterus,salmoides,Largemouth bass,17.72,97,11500,,0.15,,,,,,,cresent,,,,
Cyprinidae,Carassius,auratus grandoculis,Round crucian carp,0.026,48,2000,,0.00,Carassius auratus ,,,,,,cresent,,,,
Cyprinidae,Carassius,auratus grandoculis,Round crucian carp,0.034,48,2000,,0.00,Carassius auratus ,,,,,,cresent,,,,
Cyprinidae,Carassius,auratus grandoculis,Round crucian carp,0.027,48,2000,,0.00,Carassius auratus ,,,,,,cresent,,,,
Cyprinidae,Carassius,auratus grandoculis,Round crucian carp,0.0158,48,2000,,0.00,Carassius auratus ,,,,,,cresent,,,,
Cyprinidae,Carassius,auratus grandoculis,Round crucian carp,0.0156,48,2000,,0.00,Carassius auratus ,,,,,,cresent,,,,
Cyprinidae,Carassius,auratus grandoculis,Round crucian carp,0.0152,48,2000,,0.00,Carassius auratus ,,,,,,cresent,,,,
Cyprinidae,Carassius,auratus grandoculis,Round crucian carp,1.57,48,2000,,0.08,Carassius auratus ,,,,,,cresent,,,,
Cyprinidae,Carassius,auratus grandoculis,Round crucian carp,1.43,48,2000,,0.07,Carassius auratus ,,,,,,cresent,,,,
Cyprinidae,Carassius,auratus grandoculis,Round crucian carp,1.86,48,2000,,0.09,Carassius auratus ,,,,,,cresent,,,,
Cyprinidae,Carassius,auratus grandoculis,Round crucian carp,5.75,48,2000,,0.29,Carassius auratus ,,,,,,cresent,,,,
Cyprinidae,Carassius,auratus grandoculis,Round crucian carp,5.7,48,2000,,0.29,Carassius auratus ,,,,,,cresent,,,,
Cyprinidae,Carassius,auratus grandoculis,Round crucian carp,4.8,48,2000,,0.24,Carassius auratus ,,,,,,cresent,,,,
Anoplogastridae,Anoplogaster,cornuta,Fangtooth ,33.67,18,121.89,,27.62,,,,,,,cresent,,,,
Pleuronectidae,Reinhardtius,hippoglossoides,Greenland halibut,1465,110,16600,,8.83,,,,,,,round,,,,
Pleuronectidae,Reinhardtius,hippoglossoides,Greenland halibut,91,110,16600,,0.55,,,,,,,round,,,,
Scombridae,Thunnus,maccoyii,Southern bluefin tuna,10300,245,290800,,3.54,,,,,,,cresent,,,,
Plesiopidae,Acanthoclinus,fuscus,Olive rockfish,21.85,30,230.76,,9.47,Acanthoclinus littoreus,,,,,,round,,,,
Tripterygiidae ,Forsterygion,"Sp,",-,9.35,9,,,,,,,,,,,,,,
Tripterygiidae,Helcogramma,medium,-,4.5,7.5,1.1,,409.09,Helcogrammoides chilensis ,,,,,,round,Bellapiscis lesleyae,0.0064,3.09,3.236825433
 Salmonidae,Salmo,salar,Atlantic salmon,40.76,150,14300,,0.29,,,,,,,cresent,,,,
 Cichlidae,Oreochromis,niloticus,Nile tilapia,271,60,4200,,6.45,,,,,,,round,,,,
 Cichlidae,Oreochromis,niloticus,Nile tilapia,300,60,4200,,7.14,,,,,,,round,,,,
 Cichlidae,Oreochromis,niloticus,Nile tilapia,263,60,4200,,6.26,,,,,,,round,,,,
 Cichlidae,Oreochromis,niloticus,Nile tilapia,275,60,4200,,6.55,,,,,,,round,,,,
Scophthalmidae,Scophthalmus,maximus,Turbot,1400,100,19600,,7.14,,,,,,,round,,,,
Cyprinidae,Cyprinus,carpio,Common carp,1525,120,20600,,7.40,,,,,,,cresent,,,,
Cyprinidae,Cyprinus,carpio,Common carp,1341,120,20600,,6.51,,,,,,,cresent,,,,
Cyprinidae,Cyprinus,carpio,Common carp,1649,120,20600,,8.00,,,,,,,cresent,,,,
Cyprinidae,Cyprinus,carpio,Common carp,1553,120,20600,,7.54,,,,,,,cresent,,,,
Salmonidae,Oncorhynchus,mykiss,Rainbow trout,601,122,17900,,3.36,,,,,,,cresent,,,,
Salmonidae,Oncorhynchus,mykiss,Rainbow trout,561,122,17900,,3.13,,,,,,,cresent,,,,
Salmonidae,Oncorhynchus,mykiss,Rainbow trout,542,122,17900,,3.03,,,,,,,cresent,,,,
Pleuronectidae,Platichthys,flesus,European flounder,400,60,2300,,17.39,,,,,,,round,,,,
Pleuronectidae,Platichthys,flesus,European flounder,400,60,2300,,17.39,,,,,,,round,,,,
Lutjanidae,Lutjanus,adetii,Yellow-banded snapper,366,50,2400,,15.25,,,,,,,cresent,,,,
Lutjanidae,Lutjanus,carponotatus,-,532,40,918.7,,57.91,,,,,,,cresent,,,,
Apogonidae,Ostorhinchus,doederleini,Doederlein's cardinalfish,15.3,14,82.64,,18.51,,,,,,,cresent,,,,
Apogonidae,Ostorhinchus,doederleini,Doederlein's cardinalfish,15.3,14,82.64,,18.51,,,,,,,cresent,,,,
Pomacentridae,Pomacentrus,moluccensis,lemon damselfish,7.49,9,18.79594601,18.79594601,39.85,,0.02754,2.97,https://www.fishbase.se/summary/Pomacentrus-moluccensis.html,,,cresent,,,,
Pomacentridae,Pomacentrus,moluccensis,lemon damselfish,7.49,9,23.54,,31.82,,,,,,,cresent,,,,
Gadidae,Boreogadus,saida,Polar cod ,39.63,40,709.47,,5.59,,,,,,,cresent,,,,
Cyprinidae,Spinibarbus,sinensis,Qing bo,8.53,47.1,3200,,0.27,,,,,,,cresent,,,,
Cyprinidae,Spinibarbus,sinensis,Qing bo,8.89,47.1,3200,,0.28,,,,,,,cresent,,,,
Cyprinidae,Spinibarbus,sinensis,Qing bo,8.47,47.1,3200,,0.26,,,,,,,cresent,,,,
Cyprinidae,Spinibarbus,sinensis,Qing bo,9.61,47.1,3200,,0.30,,,,,,,cresent,,,,
Cyprinidae,Spinibarbus,sinensis,Qing bo,9.39,47.1,3200,,0.29,,,,,,,cresent,,,,
Cyprinidae,Parabramis,pekinensis,Chinese bream,9.54,55,1900,,0.50,,,,,,,cresent,,,,
Cyprinidae,Parabramis,pekinensis,Chinese bream,8.43,55,1900,,0.44,,,,,,,cresent,,,,
Cyprinidae,Parabramis,pekinensis,Chinese bream,8.08,55,1900,,0.43,,,,,,,cresent,,,,
Cyprinidae,Parabramis,pekinensis,Chinese bream,8.11,55,1900,,0.43,,,,,,,cresent,,,,
Cyprinidae,Parabramis,pekinensis,Chinese bream,7.95,55,1900,,0.42,,,,,,,cresent,,,,
Cyprinidae,Ctenopharyngodon,idella,Grass carp,10.49,150,37600,,0.03,,,,,,,cresent,,,,
Cyprinidae,Ctenopharyngodon,idella,Grass carp,10.61,150,37600,,0.03,,,,,,,cresent,,,,
Cyprinidae,Ctenopharyngodon,idella,Grass carp,11.02,150,37600,,0.03,,,,,,,cresent,,,,
Cyprinidae,Ctenopharyngodon,idella,Grass carp,8.94,150,37600,,0.02,,,,,,,cresent,,,,
Cyprinidae,Ctenopharyngodon,idella,Grass carp,9.55,150,37600,,0.03,,,,,,,cresent,,,,
Cyprinidae,Hypophthalmichthys,nobilis ,Bighead carp ,9.87,146,37600,,0.03,,,,,,,cresent,,,,
Cyprinidae,Hypophthalmichthys,nobilis ,Bighead carp ,7.67,146,28800,,0.03,Cyprinus carpio ,,,,,,cresent,,,,
Cyprinidae,Hypophthalmichthys,nobilis ,Bighead carp ,7.72,146,28800,,0.03,Cyprinus carpio ,,,,,,cresent,,,,
Cyprinidae,Hypophthalmichthys,nobilis ,Bighead carp ,7.17,146,28800,,0.02,Cyprinus carpio ,,,,,,cresent,,,,
Cyprinidae,Hypophthalmichthys,nobilis ,Bighead carp ,8.63,146,28800,,0.03,Cyprinus carpio ,,,,,,cresent,,,,
Cyprinidae,Hypophthalmichthys,molitrix,Silver Carp,8.26,120,32500,,0.03,,,,,,,cresent,,,,
Cyprinidae,Hypophthalmichthys,molitrix,Silver Carp,8.37,120,32500,,0.03,,,,,,,cresent,,,,
Cyprinidae,Hypophthalmichthys,molitrix,Silver Carp,8.72,120,32500,,0.03,,,,,,,cresent,,,,
Cyprinidae,Hypophthalmichthys,molitrix,Silver Carp,8.46,120,32500,,0.03,,,,,,,cresent,,,,
Cyprinidae,Cyprinus,"Cyprinus carpio var, Jian",Common Carp,9.04,120,20600,,0.04,,,,,,,cresent,,,,
Cyprinidae,Cyprinus,"Cyprinus carpio var, Jian",Common Carp,8.58,120,20600,,0.04,,,,,,,cresent,,,,
Cyprinidae,Cyprinus,"Cyprinus carpio var, Jian",Common Carp,10.4,120,20600,,0.05,,,,,,,cresent,,,,
Cyprinidae,Cyprinus,"Cyprinus carpio var, Jian",Common Carp,8.24,120,20600,,0.04,,,,,,,cresent,,,,
Cyprinidae,Cyprinus,"Cyprinus carpio var, Jian",Common Carp,10.46,120,20600,,0.05,,,,,,,cresent,,,,
Cyprinidae,Carassius,Carassius auratus,Goldfish,2.06,48,2000,,0.10,,,,,,,cresent,,,,
Fundulidae,Fundulus,grandis,Killifish,10.8,18,109.07,,9.90,Fundulus heteroclitus ,,,,,,round,Fundulus confluentus,0.019,3.02,117.4022895
Fundulidae,Fundulus,grandis,Killifish,10.8,18,109.07,,9.90,Fundulus heteroclitus ,,,,,,round,,,,
Fundulidae,Fundulus,grandis,Killifish,10.8,18,109.07,,9.90,Fundulus heteroclitus ,,,,,,round,,,,
Fundulidae,Fundulus,grandis,Killifish,10.8,18,109.07,,9.90,Fundulus heteroclitus ,,,,,,round,,,,
Fundulidae,Fundulus,grandis,Killifish,10.8,18,109.07,,9.90,Fundulus heteroclitus ,,,,,,round,,,,
Fundulidae,Fundulus,grandis,Killifish,10.8,18,109.07,,9.90,Fundulus heteroclitus ,,,,,,round,,,,
Fundulidae,Fundulus,grandis,Killifish,10.8,18,109.07,,9.90,Fundulus heteroclitus ,,,,,,round,,,,
Fundulidae,Fundulus,grandis,Killifish,10.8,18,109.07,,9.90,Fundulus heteroclitus ,,,,,,round,,,,
Fundulidae,Fundulus,grandis,Killifish,10.8,18,109.07,,9.90,Fundulus heteroclitus ,,,,,,round,,,,
Fundulidae,Fundulus,grandis,Killifish,10.8,18,109.07,,9.90,Fundulus heteroclitus ,,,,,,round,,,,
Fundulidae,Fundulus,grandis,Killifish,10.8,18,109.07,,9.90,Fundulus heteroclitus ,,,,,,round,,,,
Fundulidae,Fundulus,grandis,Killifish,10.8,18,109.07,,9.90,Fundulus heteroclitus ,,,,,,round,,,,
Fundulidae,Fundulus,grandis,Killifish,10.8,18,109.07,,9.90,Fundulus heteroclitus ,,,,,,round,,,,
Fundulidae,Fundulus,grandis,Killifish,10.8,18,109.07,,9.90,Fundulus heteroclitus ,,,,,,round,,,,
Fundulidae,Fundulus,grandis,Killifish,10.8,18,109.07,,9.90,Fundulus heteroclitus ,,,,,,round,,,,
Fundulidae,Fundulus,grandis,Killifish,10.8,18,109.07,,9.90,Fundulus heteroclitus ,,,,,,round,,,,
Fundulidae,Fundulus,grandis,Killifish,10.8,18,109.07,,9.90,Fundulus heteroclitus ,,,,,,round,,,,
Fundulidae,Fundulus,grandis,Killifish,10.8,18,109.07,,9.90,Fundulus heteroclitus ,,,,,,round,,,,
Fundulidae,Fundulus,grandis,Killifish,10.8,18,109.07,,9.90,Fundulus heteroclitus ,,,,,,round,,,,
Fundulidae,Fundulus,grandis,Killifish,10.8,18,109.07,,9.90,Fundulus heteroclitus ,,,,,,round,,,,
Fundulidae,Fundulus,grandis,Killifish,10.8,18,109.07,,9.90,Fundulus heteroclitus ,,,,,,round,,,,
Salmonidae,Oncorhynchus,mykiss,Maple trout,15.82,122,17900,,0.09,,,,,,,cresent,,,,
Salmonidae,Oncorhynchus,mykiss,Maple trout,15.82,122,17900,,0.09,,,,,,,cresent,,,,
Salmonidae,Oncorhynchus,mykiss,Maple trout,15.82,122,17900,,0.09,,,,,,,cresent,,,,
Salmonidae,Oncorhynchus,mykiss,Maple trout,15.82,122,17900,,0.09,,,,,,,cresent,,,,
Salmonidae,Oncorhynchus,mykiss,Maple trout,39.78,122,17900,,0.22,,,,,,,cresent,,,,
Salmonidae,Oncorhynchus,mykiss,Maple trout,39.78,122,17900,,0.22,,,,,,,cresent,,,,
Salmonidae,Oncorhynchus,mykiss,Maple trout,39.78,122,17900,,0.22,,,,,,,cresent,,,,
Salmonidae,Oncorhynchus,mykiss,Maple trout,39.78,122,17900,,0.22,,,,,,,cresent,,,,
Salmonidae,Oncorhynchus,mykiss,Maple trout,79.33,122,17900,,0.44,,,,,,,cresent,,,,
Salmonidae,Oncorhynchus,mykiss,Maple trout,79.33,122,17900,,0.44,,,,,,,cresent,,,,
Salmonidae,Oncorhynchus,mykiss,Maple trout,79.33,122,17900,,0.44,,,,,,,cresent,,,,
Salmonidae,Oncorhynchus,mykiss,Maple trout,79.33,122,17900,,0.44,,,,,,,cresent,,,,
Salmonidae,Oncorhynchus,mykiss,Maple trout,131.21,122,17900,,0.73,,,,,,,cresent,,,,
Salmonidae,Oncorhynchus,mykiss,Maple trout,131.21,122,17900,,0.73,,,,,,,cresent,,,,
Salmonidae,Oncorhynchus,mykiss,Maple trout,131.21,122,17900,,0.73,,,,,,,cresent,,,,
Salmonidae,Oncorhynchus,mykiss,Maple trout,131.21,122,17900,,0.73,,,,,,,cresent,,,,
Salmonidae,Oncorhynchus,mykiss,Steelhead trout,15.85,122,17900,,0.09,,,,,,,cresent,,,,
Salmonidae,Oncorhynchus,mykiss,Steelhead trout,15.85,122,17900,,0.09,,,,,,,cresent,,,,
Salmonidae,Oncorhynchus,mykiss,Steelhead trout,15.85,122,17900,,0.09,,,,,,,cresent,,,,
Salmonidae,Oncorhynchus,mykiss,Steelhead trout,15.85,122,17900,,0.09,,,,,,,cresent,,,,
Salmonidae,Oncorhynchus,mykiss,Steelhead trout,38.6,122,17900,,0.22,,,,,,,cresent,,,,
Salmonidae,Oncorhynchus,mykiss,Steelhead trout,38.6,122,17900,,0.22,,,,,,,cresent,,,,
Salmonidae,Oncorhynchus,mykiss,Steelhead trout,38.6,122,17900,,0.22,,,,,,,cresent,,,,
Salmonidae,Oncorhynchus,mykiss,Steelhead trout,38.6,122,17900,,0.22,,,,,,,cresent,,,,
Salmonidae,Oncorhynchus,mykiss,Steelhead trout,79.38,122,17900,,0.44,,,,,,,cresent,,,,
Salmonidae,Oncorhynchus,mykiss,Steelhead trout,79.38,122,17900,,0.44,,,,,,,cresent,,,,
Salmonidae,Oncorhynchus,mykiss,Steelhead trout,79.38,122,17900,,0.44,,,,,,,cresent,,,,
Salmonidae,Oncorhynchus,mykiss,Steelhead trout,79.38,122,17900,,0.44,,,,,,,cresent,,,,
Salmonidae,Oncorhynchus,mykiss,Steelhead trout,130.2,122,17900,,0.73,,,,,,,cresent,,,,
Salmonidae,Oncorhynchus,mykiss,Steelhead trout,130.2,122,17900,,0.73,,,,,,,cresent,,,,
Salmonidae,Oncorhynchus,mykiss,Steelhead trout,130.2,122,17900,,0.73,,,,,,,cresent,,,,
Salmonidae,Oncorhynchus,mykiss,Steelhead trout,130.2,122,17900,,0.73,,,,,,,cresent,,,,
Salmonidae,Salmo,salar,Atlantic salmon,17.96,150,14300,,0.13,,,,,,,cresent,,,,
Salmonidae,Salmo,salar,Atlantic salmon,17.96,150,14300,,0.13,,,,,,,cresent,,,,
Salmonidae,Salmo,salar,Atlantic salmon,17.96,150,14300,,0.13,,,,,,,cresent,,,,
Salmonidae,Salmo,salar,Atlantic salmon,17.96,150,14300,,0.13,,,,,,,cresent,,,,
Salmonidae,Salmo,salar,Atlantic salmon,46.52,150,14300,,0.33,,,,,,,cresent,,,,
Salmonidae,Salmo,salar,Atlantic salmon,46.52,150,14300,,0.33,,,,,,,cresent,,,,
Salmonidae,Salmo,salar,Atlantic salmon,46.52,150,14300,,0.33,,,,,,,cresent,,,,
Salmonidae,Salmo,salar,Atlantic salmon,46.52,150,14300,,0.33,,,,,,,cresent,,,,
Salmonidae,Salmo,salar,Atlantic salmon,75.68,150,14300,,0.53,,,,,,,cresent,,,,
Salmonidae,Salmo,salar,Atlantic salmon,75.68,150,14300,,0.53,,,,,,,cresent,,,,
Salmonidae,Salmo,salar,Atlantic salmon,75.68,150,14300,,0.53,,,,,,,cresent,,,,
Salmonidae,Salmo,salar,Atlantic salmon,75.68,150,14300,,0.53,,,,,,,cresent,,,,
Salmonidae,Salmo,salar,Atlantic salmon,107.16,150,14300,,0.75,,,,,,,cresent,,,,
Salmonidae,Salmo,salar,Atlantic salmon,107.16,150,14300,,0.75,,,,,,,cresent,,,,
Salmonidae,Salmo,salar,Atlantic salmon,107.16,150,14300,,0.75,,,,,,,cresent,,,,
Salmonidae,Salmo,salar,Atlantic salmon,107.16,150,14300,,0.75,,,,,,,cresent,,,,
Cichlidae,Oreochromis,niloticus,Nile tilapia,0.021,60,4200,,0.00,,,,,,,round,,,,
Cichlidae,Oreochromis,niloticus,Nile tilapia,0.021,60,4200,,0.00,,,,,,,round,,,,
Cichlidae,Oreochromis,niloticus,Nile tilapia,0.02,60,4200,,0.00,,,,,,,round,,,,
Cichlidae,Oreochromis,niloticus,Nile tilapia,"1,218",60,4200,,29.00,,,,,,,round,,,,
Cichlidae,Oreochromis,niloticus,Nile tilapia,"1,711",60,4200,,40.74,,,,,,,round,,,,
Cichlidae,Oreochromis,niloticus,Nile tilapia,"1,553",60,4200,,36.98,,,,,,,round,,,,
Cichlidae,Oreochromis,niloticus,Nile tilapia,7.34,60,4200,,0.17,,,,,,,round,,,,
Cichlidae,Oreochromis,niloticus,Nile tilapia,"6,854",60,4200,,163.19,,,,,,,round,,,,
Cichlidae,Oreochromis,niloticus,Nile tilapia,7.36,60,4200,,0.18,,,,,,,round,,,,
Cichlidae,Oreochromis,niloticus,Nile tilapia,190.56,60,4200,,4.54,,,,,,,round,,,,
Cichlidae,Oreochromis,niloticus,Nile tilapia,226.72,60,4200,,5.40,,,,,,,round,,,,
Cichlidae,Oreochromis,niloticus,Nile tilapia,207.76,60,4200,,4.95,,,,,,,round,,,,
Curimatidae,Cyphocharax,abramoides,Characid,71.5,21.3,290.08,,24.65,,,,,,,cresent,,,,
Centrarchidae,Lepomis,macrochirus,Bluegill,92.5,41,1700,,5.44,,,,,,,cresent,,,,
Centrarchidae,Lepomis,macrochirus,Bluegill,59.4,41,1700,,3.49,,,,,,,cresent,,,,
Centrarchidae,Lepomis,gibbosus,Pumpkinseed,112,40,1500,,7.47,,,,,,,cresent,,,,
Centrarchidae,Lepomis,gibbosus,Pumpkinseed,88.5,40,1500,,5.90,,,,,,,cresent,,,,
Centrarchidae,Lepomis,hybrid between bluegill & pumpkinseed,,102,,,,,,,,,,,,,,,
Centrarchidae,Lepomis,hybrid between bluegill & pumpkinseed,,71.2,,,,,,,,,,,,,,,
Eleotridae,Mogurnda,adspersa,Purple-spotted gudgeon,8.2,14,31.15,,26.32,Giuris margaritacea ,,,,,,round,,,,
Eleotridae,Mogurnda,adspersa,Purple-spotted gudgeon,8.2,14,31.15,,26.32,Giuris margaritacea ,,,,,,round,,,,
Eleotridae,Hypseleotris,"Hypseleotris sp, ", -,2.8,,,,,,,,,,,,,,,
Eleotridae,Hypseleotris,"Hypseleotris sp, ", -,2.8,,,,,,,,,,,,,,,
Melanoteniidae,Melanotaenia,fluviatilis,Australian rainbow fish,6.2,11,,,,,,,,,,cresent,,,,
Melanoteniidae,Melanotaenia,fluviatilis,Australian rainbow fish,6.2,11,,,,,,,,,,cresent,,,,
Cyprinidae,Carassius,Carassius carassius,Chinese crucian carp,15.95,64,5600,,0.28,Carassius carassius ,,,,,,cresent,,,,
Cyprinidae,Carassius,carassius,Chinese crucian carp,15.95,64,5600,,0.28,Carassius carassius ,,,,,,cresent,,,,
Cyprinidae,Carassius,carassius,Chinese crucian carp,15.95,64,5600,,0.28,Carassius carassius ,,,,,,cresent,,,,
Cyprinidae,Carassius,carassius,Chinese crucian carp,15.95,64,5600,,0.28,Carassius carassius ,,,,,,cresent,,,,
Fundulidae,Fundulus,confluentus,Marsh killifish,NA,8,10.14,,,,,,,,,round,,,,
Fundulidae,Fundulus,heteroclitus,Mummichog,0.41,15,59.33,,0.69,,,,,,,round,,,,
Fundulidae,Lucania ,parva,,0.32,6.2,88.29,,0.36,,,,,,,round,,,,
Fundulidae,Lucania ,goodei,,0.31,6,3.08,,10.06,,,,,,,round,,,,
Fundulidae,Fundulus,diaphanus,Banded killifish,1.44,13,5.51,,26.13,,,,,,,round,,,,
Fundulidae,Fundulus,rathbuni,,1,8,7.27,,13.76,,,,,,,round,,,,
Goodeidae ,Girardinichthys,multiradiatus,darkedged splitfin,0.09,3.5,0.47,,19.15,Goodea atripinnis ,,,,,,round,,,,
Goodeidae ,Girardinichthys,multiradiatus,darkedged splitfin,0.23,3.5,0.47,,48.94,Goodea atripinnis ,,,,,,round,,,,
Goodeidae ,Girardinichthys,multiradiatus,darkedged splitfin,0.43,3.5,0.47,,91.49,Goodea atripinnis ,,,,,,round,,,,
Goodeidae ,Girardinichthys,multiradiatus,darkedged splitfin,1.09,3.5,0.47,,231.91,Goodea atripinnis ,,,,,,round,,,,
Goodeidae ,Girardinichthys,multiradiatus,darkedged splitfin,1.7,3.5,0.47,,361.70,Goodea atripinnis ,,,,,,round,,,,
Goodeidae ,Girardinichthys,multiradiatus,darkedged splitfin,0.14,3.5,0.47,,29.79,Goodea atripinnis ,,,,,,round,,,,
Goodeidae ,Girardinichthys,multiradiatus,darkedged splitfin,0.29,3.5,0.47,,61.70,Goodea atripinnis ,,,,,,round,,,,
Goodeidae ,Girardinichthys,multiradiatus,darkedged splitfin,0.39,3.5,0.47,,82.98,Goodea atripinnis ,,,,,,round,,,,
Goodeidae ,Girardinichthys,multiradiatus,darkedged splitfin,0.4,3.5,0.47,,85.11,Goodea atripinnis ,,,,,,round,,,,
Goodeidae ,Girardinichthys,multiradiatus,darkedged splitfin,1.74,3.5,0.47,,370.21,Goodea atripinnis ,,,,,,round,,,,
Carangidae,Seriola ,lalandi,Yellowtail Kingfish,538,250,69500,,0.77,,,,,,,cresent,,,,
Carangidae,Seriola ,lalandi,Yellowtail Kingfish,515,250,69500,,0.74,,,,,,,cresent,,,,
Carangidae,Seriola ,lalandi,Yellowtail Kingfish,445,250,69500,,0.64,,,,,,,cresent,,,,
Carangidae,Seriola ,lalandi,Yellowtail Kingfish,421,250,69500,,0.61,,,,,,,cresent,,,,
Fundulidae,Fundulus ,grandis,Gulf killifish,3.92,18,109.07,,3.59,Fundulus heteroclitus ,,,,,,cresent,,,,
Fundulidae,Fundulus ,grandis,Gulf killifish,3.96,18,109.07,,3.63,Fundulus heteroclitus ,,,,,,cresent,,,,
Fundulidae,Fundulus ,grandis,Gulf killifish,3.99,18,109.07,,3.66,Fundulus heteroclitus ,,,,,,cresent,,,,
Fundulidae,Fundulus ,grandis,Gulf killifish,4.53,18,109.07,,4.15,Fundulus heteroclitus ,,,,,,cresent,,,,
Fundulidae,Fundulus ,grandis,Gulf killifish,4.83,18,109.07,,4.43,Fundulus heteroclitus ,,,,,,cresent,,,,
Fundulidae,Fundulus ,grandis,Gulf killifish,4.93,18,109.07,,4.52,Fundulus heteroclitus ,,,,,,cresent,,,,
Fundulidae,Fundulus ,grandis,Gulf killifish,5.04,18,109.07,,4.62,Fundulus heteroclitus ,,,,,,cresent,,,,
Tripterygiidae,Bellapiscis,medius,triplefin fish,1.78,7.5,2.62,,67.94,Bellapiscis lesleyae ,,,,,,round,,,,
Tripterygiidae,Bellapiscis,medius,triplefin fish,2.24,7.5,2.62,,85.50,Bellapiscis lesleyae ,,,,,,round,,,,
Tripterygiidae,Bellapiscis,medius,triplefin fish,2.06,7.5,2.62,,78.63,Bellapiscis lesleyae ,,,,,,round,,,,
salmonid,Thymallus ,thymallus,European grayling,3.7,60,1900,,0.19,,,,,,,cresent,,,,
salmonid,Thymallus ,thymallus,European grayling,3.7,60,1900,,0.19,,,,,,,cresent,,,,
Mormyridae,Petrocephalus ,degeni,,5.3,8.1,17.76,,29.84,,,,,,,cresent,,,,
Mormyridae,Petrocephalus ,degeni,,4.15,8.1,17.76,,23.37,,,,,,,cresent,,,,
Gasterosteidae,Gasterosteus,aculeatus,threespine stickleback,1.11,11,15.72,,7.06,,,,,,,round,,,,
Gasterosteidae,Gasterosteus,aculeatus,threespine stickleback,1.11,11,15.72,,7.06,,,,,,,round,,,,
Sciaenidae,Sciaenops,ocellatus,Red drum,91,155,42900,,0.21,,,,,,,round,,,,
Sciaenidae,Sciaenops,ocellatus,Red drum,91,155,42900,,0.21,,,,,,,round,,,,
Sciaenidae,Sciaenops,ocellatus,Red drum,91,155,42900,,0.21,,,,,,,round,,,,
Poeciliidae,Gambusia,holbrooki,mosquitofish,0.9,4.7,1.13,,79.65,,,,,,,round,,,,
Poeciliidae,Gambusia,holbrooki,mosquitofish,0.9,4.7,1.13,,79.65,,,,,,,round,,,,
Percichthyidae,Nannoperca ,australis,Pygmy perch,1.8,8.5,5.85,,30.77,,,,,,,round,,,,
Percichthyidae,Nannoperca ,australis,Pygmy perch,1.8,8.5,5.85,,30.77,,,,,,,round,,,,
Osphronemidae,Betta,splendens,Siamese fighting fish,0.0055,6.5,3.03,,0.18,Macropodus opercularis ,,,,,,round,,,,
Osphronemidae,Betta,splendens,Siamese fighting fish,0.015,6.5,3.03,,0.50,Macropodus opercularis ,,,,,,round,,,,
Osphronemidae,Betta,splendens,Siamese fighting fish,0.0036,6.5,3.03,,0.12,Macropodus opercularis ,,,,,,round,,,,
Osphronemidae,Trichopodus,trichopterus,three spot gourami,0.00361,15,110.86,,0.00,,,,,,,cresent,,,,
Osphronemidae,Trichopodus,trichopterus,three spot gourami,0.00335,15,110.86,,0.00,,,,,,,cresent,,,,
Osphronemidae,Trichopodus,trichopterus,three spot gourami,0.00511,15,110.86,,0.00,,,,,,,cresent,,,,
Siganidae,Siganus,rivulatus,Rabbitfish,2.84,27,263.87,,1.08,,,,,,,cresent,,,,
Cyprinidae,Carassius,auratus auratus,Goldfish,2.87,48,2000,,0.14,,,,,,,cresent,,,,
Cyprinidae,Carassius,auratus auratus,Goldfish,2.87,48,2000,,0.14,,,,,,,cresent,,,,
Cyprinidae,Carassius,auratus auratus,Goldfish,2.87,48,2000,,0.14,,,,,,,cresent,,,,
Cyprinidae,Carassius,auratus auratus,Goldfish,2.87,48,2000,,0.14,,,,,,,cresent,,,,
Cyprinidae,Carassius,auratus auratus,Goldfish,2.87,48,2000,,0.14,,,,,,,cresent,,,,
Characidae,Paracheirodon,axelrodi,cardinal tetra,0.2,2.5,0.07,0.200253583,285.71,Boehlkea fredcochui ,0.01202,3.07,https://www.fishbase.se/popdyn/LWRelationshipList.php?ID=12341&GenusName=Boehlkea&SpeciesName=fredcochui&fc=102,,,cresent,,,,
Characidae,Paracheirodon,simulans,green neon tetra,0.06,2,0.07,0.100940756,85.71,Boehlkea fredcochui ,0.01202,3.07,,,,cresent,,,,
Sciaenidae,Sciaenops,ocellatus,estuarine red drum,35.7,155,42900,,0.08,,,,,,,round,,,,
Sciaenidae,Sciaenops,ocellatus,estuarine red drum,40,155,42900,,0.09,,,,,,,round,,,,
Cyclopteridae,Cyclopterus,lumpus,marine lumpfish,23,61,11200,,0.21,,,,,,,round,,,,
Cyclopteridae,Cyclopterus,lumpus,marine lumpfish,22.5,61,11200,,0.20,,,,,,,round,,,,
Cyprinidae,Cyprinus,carpio,Common Carp,134,120,20600,,0.65,,,,,,,cresent,,,,
Fundulidae,Fundulus,heteroclitus heteroclitus,Southern killifish,NA,15,59.33,,,,,,,,,round,,,,
Fundulidae,Fundulus,heteroclitus macrolepidotus,Northern killifish,NA,15,59.33,,,,,,,,,round,,,,
Latidae,Lates,calcarifer,Asian sea-bass,300,200,102900,,0.29,,,,,,,round,,,,
Latidae,Lates,calcarifer,Asian sea-bass,300,200,102900,,0.29,,,,,,,round,,,,
Latidae,Lates,calcarifer,Asian sea-bass,300,200,102900,,0.29,,,,,,,round,,,,
Latidae,Lates,calcarifer,Asian sea-bass,300,200,102900,,0.29,,,,,,,round,,,,
Latidae,Lates,calcarifer,Asian sea-bass,300,200,102900,,0.29,,,,,,,round,,,,
Latidae,Lates,calcarifer,Asian sea-bass,300,200,102900,,0.29,,,,,,,round,,,,
sparidae,Pagrus,auratus,New Zealand snapper,70,130,20500,,0.34,,,,,,,cresent,,,,
Cottidae,Clinocottus,analis,Woolly sculpins,NA,18,141.02,,,,,,,,,round,,,,
Cottidae,Clinocottus,analis,Woolly sculpins,NA,18,141.02,,,,,,,,,round,,,,
Embiotocidae,Cymatogaster,aggregata,shiner perch,16.22,20.3,137.53,,11.79,Amphistichus rhodoterus ,,,,,,cresent,,,,
Embiotocidae,Cymatogaster,aggregata,shiner perch,17.4,20.3,137.53,,12.65,Amphistichus rhodoterus ,,,,,,cresent,,,,
Curimatidae,Cyphocharax,abramoides,,71.5,20.3,137.53,,51.99,Amphistichus rhodoterus ,,,,,,cresent,,,,
Cottidae,Cottus,gobio,European bullhead,7.16,18,92.68,,7.73,,,,,,,round,,,,
Serrasalmidae,Colossoma,macropomum,Amazonian tambaqui,198.3,108,32600,,0.61,,,,,,,cresent,,,,
Sciaenidae,Micropogonias,undulatus,Atlantic croaker,25.6,55,5000,,0.51,,,,,,,round,,,,
Balistidae,Odonus,niger,redtoothed lagoon triggerfish,19.3,50,3900,,0.49,,,,,,,cresent,,,,
Balistidae,Odonus,niger,redtoothed lagoon triggerfish,19.3,50,3900,,0.49,,,,,,,cresent,,,,
Balistidae,Rhinecanthus,aculeatus,lagoon triggerfish,10.6,30,679.09,,1.56,,,,,,,round,,,,
Balistidae,Rhinecanthus,aculeatus,lagoon triggerfish,10.6,30,679.09,,1.56,,,,,,,round,,,,
Balistidae,Rhinecanthus,rectangulus,wedge-tail triggerfish,119.7,30,626.54,,19.10,,,,,,,round,,,,
Balistidae,Rhinecanthus,rectangulus,wedge-tail triggerfish,119.7,30,626.54,,19.10,,,,,,,round,,,,
Balistidae,Sufflamen,bursa,lei triggerfish,7.2,25,337.81,,2.13,,,,,,,round,,,,
Balistidae,Sufflamen,bursa,lei triggerfish,7.2,25,337.81,,2.13,,,,,,,round,,,,
Balistidae,Xanthichthys,auromarginatus,gilded triggerfish,123,30,562.06,,21.88,Abalistes stellaris ,,,,,,cresent,Melichthys niger,0.0439,2.8,600.3493344
Balistidae,Xanthichthys,auromarginatus,gilded triggerfish,123,30,562.06,,21.88,Abalistes stellaris ,,,,,,cresent,,,,
Labridae,Thalassoma,duperrey,saddle wrasse,21,28,235.84,,8.90,,,,,,,cresent,,,,
Labridae,Thalassoma,duperrey,saddle wrasse,21,28,235.84,,8.90,,,,,,,cresent,,,,
Kuhliidae,Kuhlia,xenura,Hawaiian flagtail,13.4,22.2,393.84,,3.40,,,,,,,cresent,,,,
Kuhliidae,Kuhlia,xenura,Hawaiian flagtail,13.4,22.2,393.84,,3.40,,,,,,,cresent,,,,
Carangidae,Caranx,sexfasciatus,bigeye trevally,56.4,120,21600,,0.26,,,,,,,cresent,,,,
Carangidae,Caranx,sexfasciatus,bigeye trevally,56.4,120,21600,,0.26,,,,,,,cresent,,,,
Salmonidae,Oncorhynchus,mykiss,rainbow trout,73,122,17900,,0.41,,,,,,,cresent,,,,
Salmonidae,Oncorhynchus,mykiss,rainbow trout,69,122,17900,,0.39,,,,,,,cresent,,,,
Salmonidae,Oncorhynchus,mykiss,rainbow trout,66,122,17900,,0.37,,,,,,,cresent,,,,
Gasterosteidae,Gasterosteus,aculeatus,three-spined stickleback,1.58,11,15.72,,10.05,,,,,,,round,,,,
Gasterosteidae,Gasterosteus,aculeatus,three-spined stickleback,1.58,11,15.72,,10.05,,,,,,,round,,,,
Percichthyidae,Maccullochella,peelii,Murray cod,2.2,180,70900,,0.00,,,,,,,round,,,,
Percichthyidae,Maccullochella,peelii,Murray cod,1.6,180,70900,,0.00,,,,,,,round,,,,
Percichthyidae,Maccullochella,peelii,Murray cod,1.6,180,70900,,0.00,,,,,,,round,,,,
Percichthyidae,Maccullochella,peelii,Murray cod,2.1,180,70900,,0.00,,,,,,,round,,,,
Sciaenidae,Sciaenops,ocellatus,Red drum,21,155,42900,,0.05,,,,,,,round,,,,
Sciaenidae,Sciaenops,ocellatus,Red drum,26,155,42900,,0.06,,,,,,,round,,,,
Cichlidae,Mayaheros,urophthalmus,Mayan cichlid,55.4,39.4,2100,,2.64,,,,,,,round,,,,
Cichlidae,Mayaheros,urophthalmus,Mayan cichlid,55.4,39.4,2100,,2.64,,,,,,,round,,,,
Cichlidae,Mayaheros,urophthalmus,Mayan cichlid,55.4,39.4,2100,,2.64,,,,,,,round,,,,
Fundulidae,Fundulus,heteroclitus macrolepidotus,Northern killifish,3.83,15,59.33,,6.46,,,,,,,round,,,,
Fundulidae,Fundulus,heteroclitus macrolepidotus,Northern killifish,3.83,15,59.33,,6.46,,,,,,,round,,,,
Fundulidae,Fundulus,heteroclitus macrolepidotus,Northern killifish,3.83,15,59.33,,6.46,,,,,,,round,,,,
Fundulidae,Fundulus,grandis,Gulf killifish,10.8,18,109.07,,9.90,Fundulus heteroclitus ,,,,,,round,,,,
Fundulidae,Fundulus,grandis,Gulf killifish,10.8,18,109.07,,9.90,Fundulus heteroclitus ,,,,,,round,,,,
Fundulidae,Fundulus,grandis,Gulf killifish,10.8,18,109.07,,9.90,Fundulus heteroclitus ,,,,,,round,,,,
Fundulidae,Fundulus,grandis,Gulf killifish,10.8,18,109.07,,9.90,Fundulus heteroclitus ,,,,,,round,,,,
Tripterygiidae,Bellapiscis,medius,the twister,3.22,7.5,2.62,,122.90,Bellapiscis lesleyae ,,,,,,round,,,,
Tripterygiidae,Forsterygion ,lapillum,common triplefin,1.72,6.7,1.88,,91.49,,,,,,,round,,,,
Tripterygiidae,Forsterygion,varium,striped triplefin,6.6,13,37.9,,17.41,,,,,,,round,,,,
Tripterygiidae,Forsterygion,malcolmi,Mottled triplefin,4.95,12.2,13.27,,37.30,,,,,,,round,,,,
Cyprinidae,Danio,rerio,Zebrafish,NA,3.8,1.92,,,,,,,,,round,,,,
Cyprinidae,Danio,rerio,Zebrafish,NA,3.8,1.92,,,,,,,,,round,,,,
Cyprinidae,Danio,rerio,Zebrafish,NA,3.8,1.92,,,,,,,,,round,,,,
Cyprinidae,Danio,rerio,Zebrafish,NA,3.8,1.92,,,,,,,,,round,,,,
Sebastidae,Sebastes,caurinus,copper rockfish,4.57,58,3400,,0.13,,,,,,,round,,,,
Sebastidae,Sebastes,caurinus,copper rockfish,4.13,58,3400,,0.12,,,,,,,round,,,,
Sebastidae,Sebastes,caurinus,copper rockfish,2.7,58,3400,,0.08,,,,,,,round,,,,
Sebastidae,Sebastes,caurinus,copper rockfish,7.02,58,3400,,0.21,,,,,,,round,,,,
Sebastidae,Sebastes,caurinus,copper rockfish,9.41,58,3400,,0.28,,,,,,,round,,,,
Sebastidae,Sebastes,caurinus,copper rockfish,6.58,58,3400,,0.19,,,,,,,round,,,,
Sebastidae,Sebastes,caurinus,copper rockfish,5.08,58,3400,,0.15,,,,,,,round,,,,
Sebastidae,Sebastes,caurinus,copper rockfish,4.02,58,3400,,0.12,,,,,,,round,,,,
Sebastidae,Sebastes,caurinus,copper rockfish,6.36,58,3400,,0.19,,,,,,,round,,,,
Sebastidae,Sebastes,caurinus,copper rockfish,6.68,58,3400,,0.20,,,,,,,round,,,,
Sebastidae,Sebastes,caurinus,copper rockfish,1.84,58,3400,,0.05,,,,,,,round,,,,
Sebastidae,Sebastes,caurinus,copper rockfish,11.27,58,3400,,0.33,,,,,,,round,,,,
Sebastidae,Sebastes,caurinus,copper rockfish,10.52,58,3400,,0.31,,,,,,,round,,,,
Sebastidae,Sebastes,caurinus,copper rockfish,7.12,58,3400,,0.21,,,,,,,round,,,,
Sebastidae,Sebastes,caurinus,copper rockfish,3.73,58,3400,,0.11,,,,,,,round,,,,
Sebastidae,Sebastes,caurinus,copper rockfish,4.35,58,3400,,0.13,,,,,,,round,,,,
Sebastidae,Sebastes,caurinus,copper rockfish,8.37,58,3400,,0.25,,,,,,,round,,,,
Sebastidae,Sebastes,caurinus,copper rockfish,6.28,58,3400,,0.18,,,,,,,round,,,,
Sebastidae,Sebastes,caurinus,copper rockfish,4.42,58,3400,,0.13,,,,,,,round,,,,
Sebastidae,Sebastes,caurinus,copper rockfish,3.96,58,3400,,0.12,,,,,,,round,,,,
Sebastidae,Sebastes,mystinus,blue rockfish,4.21,61,3900,,0.11,,,,,,,round,,,,
Sebastidae,Sebastes,mystinus,blue rockfish,2.65,61,3900,,0.07,,,,,,,round,,,,
Sebastidae,Sebastes,mystinus,blue rockfish,3.35,61,3900,,0.09,,,,,,,round,,,,
Sebastidae,Sebastes,mystinus,blue rockfish,3.47,61,3900,,0.09,,,,,,,round,,,,
Sebastidae,Sebastes,mystinus,blue rockfish,4.3,61,3900,,0.11,,,,,,,round,,,,
Sebastidae,Sebastes,mystinus,blue rockfish,2.46,61,3900,,0.06,,,,,,,round,,,,
Sebastidae,Sebastes,mystinus,blue rockfish,2.98,61,3900,,0.08,,,,,,,round,,,,
Sebastidae,Sebastes,mystinus,blue rockfish,1.5,61,3900,,0.04,,,,,,,round,,,,
Sebastidae,Sebastes,mystinus,blue rockfish,4.2,61,3900,,0.11,,,,,,,round,,,,
Sebastidae,Sebastes,mystinus,blue rockfish,4.22,61,3900,,0.11,,,,,,,round,,,,
Sebastidae,Sebastes,mystinus,blue rockfish,3.21,61,3900,,0.08,,,,,,,round,,,,
Sebastidae,Sebastes,mystinus,blue rockfish,1.35,61,3900,,0.03,,,,,,,round,,,,
Sebastidae,Sebastes,mystinus,blue rockfish,1.83,61,3900,,0.05,,,,,,,round,,,,
Sebastidae,Sebastes,mystinus,blue rockfish,2.14,61,3900,,0.05,,,,,,,round,,,,
Sebastidae,Sebastes,mystinus,blue rockfish,1.69,61,3900,,0.04,,,,,,,round,,,,
Cyprinidae,Danio,rerio,Zebrafish,NA,3.8,1.92,,,,,,,,,round,,,,
Cyprinidae,Danio,rerio,Zebrafish,NA,3.8,1.92,,,,,,,,,round,,,,
Cyprinidae,Danio,rerio,Zebrafish,NA,3.8,1.92,,,,,,,,,round,,,,
Cyprinidae,Danio,rerio,Zebrafish,NA,3.8,1.92,,,,,,,,,round,,,,
Cyprinidae,Danio,rerio,Zebrafish,NA,3.8,1.92,,,,,,,,,round,,,,
Mormyridae,Marcusenius,victoriae,Victoria stonebasher,14.29,26,196.46,,7.27,,,,,,,cresent,,,,
Mormyridae,Marcusenius,victoriae,Victoria stonebasher,19.51,26,196.46,,9.93,,,,,,,cresent,,,,
Fundulidae,Fundulus,heteroclitus,Killifish,4.22,15,59.33,,7.11,,,,,,,round,,,,
Cyprinidae,Danio,rerio,Zebrafish,NA,3.8,1.92,,,,,,,,,round,,,,
Cyprinidae,Danio,rerio,Zebrafish,NA,3.8,1.92,,,,,,,,,round,,,,
Carcharhinidae,Carcharhinus,melanopterus,blacktip reef shark,1110,200,31900,,3.48,,,,,,,cresent,,,,
Carcharhinidae,Carcharhinus,melanopterus,blacktip reef shark,930,200,31900,,2.92,,,,,,,cresent,,,,
Carcharhinidae,Carcharhinus,melanopterus,blacktip reef shark,750,200,31900,,2.35,,,,,,,cresent,,,,
Carcharhinidae,Carcharhinus,melanopterus,blacktip reef shark,760,200,31900,,2.38,,,,,,,cresent,,,,
Carcharhinidae,Carcharhinus,melanopterus,blacktip reef shark,950,200,31900,,2.98,,,,,,,cresent,,,,
Carcharhinidae,Carcharhinus,melanopterus,blacktip reef shark,670,200,31900,,2.10,,,,,,,cresent,,,,
Carcharhinidae,Carcharhinus,melanopterus,blacktip reef shark,1160,200,31900,,3.64,,,,,,,cresent,,,,
Carcharhinidae,Carcharhinus,melanopterus,blacktip reef shark,980,200,31900,,3.07,,,,,,,cresent,,,,
Carcharhinidae,Carcharhinus,melanopterus,blacktip reef shark,930,200,31900,,2.92,,,,,,,cresent,,,,
Carcharhinidae,Carcharhinus,melanopterus,blacktip reef shark,800,200,31900,,2.51,,,,,,,cresent,,,,
Carcharhinidae,Carcharhinus,melanopterus,blacktip reef shark,770,200,31900,,2.41,,,,,,,cresent,,,,
Carcharhinidae,Carcharhinus,melanopterus,blacktip reef shark,1080,200,31900,,3.39,,,,,,,cresent,,,,
Carcharhinidae,Negaprion,acutidens,sicklefin lemon shark,1060,380,461500,,0.23,,,,,,,cresent,,,,
Carcharhinidae,Negaprion,acutidens,sicklefin lemon shark,1260,380,461500,,0.27,,,,,,,cresent,,,,
Carcharhinidae,Negaprion,acutidens,sicklefin lemon shark,1520,380,461500,,0.33,,,,,,,cresent,,,,
Carcharhinidae,Negaprion,acutidens,sicklefin lemon shark,1350,380,461500,,0.29,,,,,,,cresent,,,,
Carcharhinidae,Negaprion,acutidens,sicklefin lemon shark,990,380,461500,,0.21,,,,,,,cresent,,,,
Carcharhinidae,Negaprion,acutidens,sicklefin lemon shark,1000,380,461500,,0.22,,,,,,,cresent,,,,
Carcharhinidae,Negaprion,acutidens,sicklefin lemon shark,1350,380,461500,,0.29,,,,,,,cresent,,,,
Carcharhinidae,Negaprion,acutidens,sicklefin lemon shark,1120,380,461500,,0.24,,,,,,,cresent,,,,
Carcharhinidae,Negaprion,acutidens,sicklefin lemon shark,1760,380,461500,,0.38,,,,,,,cresent,,,,
Carcharhinidae,Negaprion,acutidens,sicklefin lemon shark,1630,380,461500,,0.35,,,,,,,cresent,,,,
Leuciscidae,Cyprinella,venusta,Blacktail shiner,4.59,19,42.41,,10.82,,,,,,,cresent,,,,
Leuciscidae,Cyprinella,venusta,Blacktail shiner,4.59,19,42.41,,10.82,,,,,,,cresent,,,,
Leuciscidae,Cyprinella,venusta,Blacktail shiner,4.59,19,42.41,,10.82,,,,,,,cresent,,,,
Percidae,Etheostoma,jordani,Greenbreast darter,1.18,7.9,9.45,,12.49,Etheostoma juliae ,,,,,,round,,,,
Percidae,Etheostoma,jordani,Greenbreast darter,1.18,7.9,9.45,,12.49,Etheostoma juliae ,,,,,,round,,,,
Percidae,Etheostoma,jordani,Greenbreast darter,1.18,7.9,9.45,,12.49,Etheostoma juliae ,,,,,,round,,,,
Percidae,Percina,nigrofasciata,Blackbanded darter,3.89,11,12.5,,31.12,Percina maculata ,,,,,,round,Percina phoxocephala,0.0069,3.148,13.09644018
Percidae,Percina,nigrofasciata,Blackbanded darter,3.89,11,12.5,,31.12,Percina maculata ,,,,,,round,,,,
Percidae,Percina,nigrofasciata,Blackbanded darter,3.89,11,12.5,,31.12,Percina maculata ,,,,,,round,,,,
Percidae,Percina,palmaris,Bronze darter,2.78,9,6.54,,42.51,Percina maculata ,,,,,,round,,,,
Percidae,Percina,palmaris,Bronze darter,2.78,9,6.54,,42.51,Percina maculata ,,,,,,round,,,,
Percidae,Percina,palmaris,Bronze darter,2.78,9,6.54,,42.51,Percina maculata ,,,,,,round,,,,
Cottidae,Cottus,carolinae,Banded sculpin,1.96,18,13.28,,14.76,,,,,,,round,,,,
Cottidae,Cottus,carolinae,Banded sculpin,1.96,18,13.28,,14.76,,,,,,,round,,,,
Cottidae,Cottus,carolinae,Banded sculpin,1.96,18,13.28,,14.76,,,,,,,round,,,,
Rajidae,Rostaraja,eglanteria,Clearnose skate,1300,84,3200,,40.63,Rostroraja alba ,,,,,,NA,Leucoraja fullonica,0.0065,3.13,6853.422752
Rajidae,Rostaraja,eglanteria,Clearnose skate,1300,84,3200,,40.63,Rostroraja alba ,,,,,,NA,,,,
Rajidae,Rostaraja,eglanteria,Clearnose skate,1300,84,3200,,40.63,Rostroraja alba ,,,,,,NA,,,,
Rajidae,Rostaraja,eglanteria,Clearnose skate,1300,84,3200,,40.63,Rostroraja alba ,,,,,,NA,,,,
Rajidae,Rostaraja,eglanteria,Clearnose skate,1300,84,3200,,40.63,Rostroraja alba ,,,,,,NA,,,,
Rajidae,Rostaraja,eglanteria,Clearnose skate,1300,84,3200,,40.63,Rostroraja alba ,,,,,,NA,,,,
Paralichthyidae,Paralichthys,dentatus,Summer flounder,1400,94,7700,,18.18,,,,,,,round,,,,
Paralichthyidae,Paralichthys,dentatus,Summer flounder,1400,94,7700,,18.18,,,,,,,round,,,,
Paralichthyidae,Paralichthys,dentatus,Summer flounder,1400,94,7700,,18.18,,,,,,,round,,,,
Paralichthyidae,Paralichthys,dentatus,Summer flounder,1400,94,7700,,18.18,,,,,,,round,,,,
Rajidae,Amblyraja,radiata,Thorny skate,360,105,9400,,3.83,,,,,,,NA,,,,
Rajidae,Amblyraja,radiata,Thorny skate,360,105,9400,,3.83,,,,,,,NA,,,,
Rajidae,Amblyraja,radiata,Thorny skate,360,105,9400,,3.83,,,,,,,NA,,,,
Rajidae,Amblyraja,radiata,Thorny skate,360,105,9400,,3.83,,,,,,,NA,,,,
Rajidae,Amblyraja,radiata,Thorny skate,360,105,9400,,3.83,,,,,,,NA,,,,
Cyprinidae,Danio,rerio,Zebrafish,0.00007133,3.8,1.92,,0.00,,,,,,,round,,,,
Cyprinidae,Danio,rerio,Zebrafish,0.00007133,3.8,1.92,,0.00,,,,,,,round,,,,
Cyprinidae,Danio,rerio,Zebrafish,0.00007133,3.8,1.92,,0.00,,,,,,,round,,,,
Cyprinidae,Danio,rerio,Zebrafish,0.00007133,3.8,1.92,,0.00,,,,,,,round,,,,
Cyprinidae,Danio,rerio,Zebrafish,0.00007133,3.8,1.92,,0.00,,,,,,,round,,,,
Cyprinidae,Danio,rerio,Zebrafish,0.00007133,3.8,1.92,,0.00,,,,,,,round,,,,
Cyprinidae,Danio,rerio,Zebrafish,0.00007133,3.8,1.92,,0.00,,,,,,,round,,,,
Cyprinidae,Danio,rerio,Zebrafish,0.00007133,3.8,1.92,,0.00,,,,,,,round,,,,
Cyprinidae,Danio,rerio,Zebrafish,0.00007133,3.8,1.92,,0.00,,,,,,,round,,,,
Cyprinidae,Danio,rerio,Zebrafish,0.4,3.8,1.92,,20.83,,,,,,,round,,,,
